,movie,link
0,Mulholland Drive,/title/tt0166924/?ref_=sr_t_1
1,In the Mood for Love,/title/tt0118694/?ref_=sr_t_1
2,The Tree of Life,/title/tt0478304/?ref_=sr_t_1
3,Yi Yi: A One and a Two,/title/tt0244316/?ref_=sr_t_1
4,Goodbye to Language,/title/tt2400275/?ref_=sr_t_1
5,The White Meadows,/title/tt1509132/?ref_=sr_t_1
6,Night Across the Street,/title/tt1876360/?ref_=sr_t_1
7,Certified Copy,/title/tt1020773/?ref_=sr_t_1
8,Sparrow,/title/tt2873282/?ref_=sr_t_1
9,Fados,/title/tt4131594/?ref_=sr_t_1
10,Eternal Sunshine of the Spotless Mind,/title/tt0338013/?ref_=sr_t_1
11,Syndromes and a Century,/title/tt0477731/?ref_=sr_t_1
12,Spirited Away,/title/tt0245429/?ref_=sr_t_1
13,The Act of Killing,/title/tt2375605/?ref_=sr_t_1
14,The Grand Budapest Hotel,/title/tt2278388/?ref_=sr_t_1
15,The New World,/title/tt0402399/?ref_=sr_t_1
16,The World,/title/tt12747748/?ref_=sr_t_1
17,Elephant,/title/tt0080678/?ref_=sr_t_1
18,Zero Dark Thirty,/title/tt1790885/?ref_=sr_t_1
19,A History of Violence,/title/tt0399146/?ref_=sr_t_1
20,Stories We Tell,/title/tt2366450/?ref_=sr_t_1
21,Casino Royale,/title/tt0381061/?ref_=sr_t_1
22,Tabu,/title/tt0022458/?ref_=sr_t_1
23,Snow White,/title/tt6208148/?ref_=sr_t_1
24,Frozen River,/title/tt0978759/?ref_=sr_t_1
25,Gosford Park,/title/tt0280707/?ref_=sr_t_1
26,Inception,/title/tt1375666/?ref_=sr_t_1
27,Pan's Labyrinth,/title/tt0457430/?ref_=sr_t_1
28,Caché,/title/tt0387898/?ref_=sr_t_1
29,Grizzly Man,/title/tt0427312/?ref_=sr_t_1
30,"4 Months, 3 Weeks & 2 Days",/title/tt1032846/?ref_=sr_t_1
31,Holy Motors,/title/tt2076220/?ref_=sr_t_1
32,The Last of the Unjust,/title/tt2340784/?ref_=sr_t_1
33,There Will Be Blood,/title/tt0469494/?ref_=sr_t_1
34,The Piano Teacher,/title/tt0254686/?ref_=sr_t_1
35,Margaret,/title/tt9185206/?ref_=sr_t_1
36,American Psycho,/title/tt0144084/?ref_=sr_t_1
37,Lourdes,/title/tt1405809/?ref_=sr_t_1
38,Red Road,/title/tt0471030/?ref_=sr_t_1
39,Boyhood,/title/tt1065073/?ref_=sr_t_1
40,Tony Manero,/title/tt1223975/?ref_=sr_t_1
41,No Country For Old Men,/title/tt0477348/?ref_=sr_t_1
42,A Separation,/title/tt1832382/?ref_=sr_t_1
43,Finding Nemo,/title/tt0266543/?ref_=sr_t_1
44,Hero,/title/tt2245084/?ref_=sr_t_1
45,The Wolf of Wall Street,/title/tt0993846/?ref_=sr_t_1
46,Mother,/title/tt5109784/?ref_=sr_t_1
47,The Bourne Ultimatum,/title/tt0440963/?ref_=sr_t_1
48,Traffic,/title/tt0181865/?ref_=sr_t_1
49,Vincere,/title/tt1156173/?ref_=sr_t_1
50,Le quattro volte,/title/tt1646975/?ref_=sr_t_1
51,The Profession of Arms,/title/tt0245276/?ref_=sr_t_1
52,Gostanza da Libbiano,/title/tt0257726/?ref_=sr_t_1
53,At the First Breath of Wind,/title/tt0328825/?ref_=sr_t_1
54,Sangue,/title/tt0071233/?ref_=sr_t_1
55,Terra,/title/tt4433646/?ref_=sr_t_1
56,Oh! Man,/title/tt0051196/?ref_=sr_t_1
57,"Synecdoche, New York",/title/tt0383028/?ref_=sr_t_1
58,Black Swan,/title/tt0947798/?ref_=sr_t_1
59,The Comedy,/title/tt0085794/?ref_=sr_t_1
60,Melancholia,/title/tt1527186/?ref_=sr_t_1
61,Inglourious Basterds,/title/tt0361748/?ref_=sr_t_1
62,Inside Llewyn Davis,/title/tt2042568/?ref_=sr_t_1
63,Only Lovers Left Alive,/title/tt1714915/?ref_=sr_t_1
64,The Congress,/title/tt1821641/?ref_=sr_t_1
65,The Master,/title/tt0311113/?ref_=sr_t_1
66,25th Hour,/title/tt0307901/?ref_=sr_t_1
67,24 Hour Party People,/title/tt0274309/?ref_=sr_t_1
68,Once Upon a Time in Anatolia,/title/tt1827487/?ref_=sr_t_1
69,Zodiac,/title/tt0443706/?ref_=sr_t_1
70,A Serious Man,/title/tt1019452/?ref_=sr_t_1
71,Tinker Tailor Soldier Spy,/title/tt1340800/?ref_=sr_t_1
72,Primer,/title/tt0390384/?ref_=sr_t_1
73,La commune,/title/tt0257497/?ref_=sr_t_1
74,Uncle Boonmee Who Can Recall His Past Lives,/title/tt1588895/?ref_=sr_t_1
75,2046,/title/tt0212712/?ref_=sr_t_1
76,Adaptation,/title/tt0268126/?ref_=sr_t_1
77,Battle in Heaven,/title/tt0387055/?ref_=sr_t_1
78,Inland Empire,/title/tt0460829/?ref_=sr_t_1
79,Mysteries of Lisbon,/title/tt20259142/?ref_=sr_t_1
80,Children of Men,/title/tt0206634/?ref_=sr_t_1
81,City of God,/title/tt0317248/?ref_=sr_t_1
82,The Incredibles,/title/tt0317705/?ref_=sr_t_1
83,Birdman,/title/tt2562232/?ref_=sr_t_1
84,Brokeback Mountain,/title/tt0388795/?ref_=sr_t_1
85,12 Years a Slave,/title/tt2024544/?ref_=sr_t_1
86,Fish Tank,/title/tt1232776/?ref_=sr_t_1
87,Mommy,/title/tt3612616/?ref_=sr_t_1
88,Talk to Her,/title/tt0287467/?ref_=sr_t_1
89,Timbuktu,/title/tt3409392/?ref_=sr_t_1
90,Selma,/title/tt1020072/?ref_=sr_t_1
91,The White Ribbon,/title/tt1149362/?ref_=sr_t_1
92,The Headless Woman,/title/tt1221141/?ref_=sr_t_1
93,The Royal Tenenbaums,/title/tt0265666/?ref_=sr_t_1
94,Far From Heaven,/title/tt0297884/?ref_=sr_t_1
95,Moonrise Kingdom,/title/tt1748122/?ref_=sr_t_1
96,Lost in Translation,/title/tt0335266/?ref_=sr_t_1
97,A Single Man,/title/tt1315981/?ref_=sr_t_1
98,Toy Story 3,/title/tt0435761/?ref_=sr_t_1
99,I Am Love,/title/tt1226236/?ref_=sr_t_1
100,Donnie Darko,/title/tt0246578/?ref_=sr_t_1
101,Inherent Vice,/title/tt1791528/?ref_=sr_t_1
102,Film socialisme,/title/tt1438535/?ref_=sr_t_1
103,This Is the End,/title/tt1245492/?ref_=sr_t_1
104,Somewhere,/title/tt14097180/?ref_=sr_t_1
105,Almayer's Folly,/title/tt1532530/?ref_=sr_t_1
106,The Story of Marie and Julien,/title/tt0339357/?ref_=sr_t_1
107,Bamboozled,/title/tt0215545/?ref_=sr_t_1
108,Under the Skin,/title/tt1441395/?ref_=sr_t_1
109,Anomalisa,/title/tt2401878/?ref_=sr_t_1
110,Madagascar 3: Europe's Most Wanted,/title/tt1277953/?ref_=sr_t_1
111,Another Year,/title/tt1431181/?ref_=sr_t_1
112,The Diving Bell and the Butterfly,/title/tt0401383/?ref_=sr_t_1
113,The Social Network,/title/tt1285016/?ref_=sr_t_1
114,WALL-E,/title/tt0993846/?ref_=sr_t_1
115,The Son's Room,/title/tt0208990/?ref_=sr_t_1
116,Extraordinary Stories,/title/tt3312748/?ref_=sr_t_1
117,The Assassin,/title/tt0443680/?ref_=sr_t_1
118,Million Dollar Baby,/title/tt0405159/?ref_=sr_t_1
119,Leviathan,/title/tt0097737/?ref_=sr_t_1
120,A Touch of Sin,/title/tt2852400/?ref_=sr_t_1
121,Distant,/title/tt0346094/?ref_=sr_t_1
122,A Prophet,/title/tt1235166/?ref_=sr_t_1
123,Blue Is the Warmest Color,/title/tt2278871/?ref_=sr_t_1
124,Moolaadé,/title/tt0416991/?ref_=sr_t_1
125,The Secret in Their Eyes,/title/tt1305806/?ref_=sr_t_1
126,Oldboy,/title/tt0364569/?ref_=sr_t_1
127,Fat Girl,/title/tt0243255/?ref_=sr_t_1
128,The Orphanage,/title/tt0464141/?ref_=sr_t_1
129,The Hunt,/title/tt2106476/?ref_=sr_t_1
130,Spring Breakers,/title/tt2101441/?ref_=sr_t_1
131,My Winnipeg,/title/tt1093842/?ref_=sr_t_1
132,The Ghost Writer,/title/tt1139328/?ref_=sr_t_1
133,Moulin Rouge!,/title/tt0203009/?ref_=sr_t_1
134,Star Wars: Episode III – Revenge of the Sith,/title/tt0121766/?ref_=sr_t_1
135,Manakamana,/title/tt3103326/?ref_=sr_t_1
136,The Curious Case of Benjamin Button,/title/tt0421715/?ref_=sr_t_1
137,"You, The Living",/title/tt0445336/?ref_=sr_t_1
138,Shoot the Messenger,/title/tt0800199/?ref_=sr_t_1
139,Red Leaves,/title/tt9349016/?ref_=sr_t_1
140,The Colonial Misunderstanding,/title/tt0474246/?ref_=sr_t_1
141,Restless City,/title/tt1545464/?ref_=sr_t_1
142,Conversations on a Sunday Afternoon,/title/tt0471130/?ref_=sr_t_1
143,Belle,/title/tt28976068/?ref_=sr_t_1
144,Requiem for a Dream,/title/tt0180093/?ref_=sr_t_1
145,Antichrist,/title/tt0870984/?ref_=sr_t_1
146,The Child,/title/tt0091129/?ref_=sr_t_1
147,Kill Bill: Vol. 1,/title/tt0266697/?ref_=sr_t_1
148,Irreversible,/title/tt0290673/?ref_=sr_t_1
149,Amour,/title/tt1602620/?ref_=sr_t_1
150,Monsoon Wedding,/title/tt0265343/?ref_=sr_t_1
151,Son of Saul,/title/tt3808342/?ref_=sr_t_1
152,Thithi,/title/tt4881362/?ref_=sr_t_1
153,No Man's Land,/title/tt0283509/?ref_=sr_t_1
154,Waltz with Bashir,/title/tt1185616/?ref_=sr_t_1
155,In Praise of Love,/title/tt0181912/?ref_=sr_t_1
156,Like Someone In Love,/title/tt1843287/?ref_=sr_t_1
157,Butter on the Latch,/title/tt2252304/?ref_=sr_t_1
158,Heaven Knows What,/title/tt3687186/?ref_=sr_t_1
159,The Future,/title/tt0088763/?ref_=sr_t_1
160,Coma,/title/tt0077355/?ref_=sr_t_1
161,The Matchmaker,/title/tt7913934/?ref_=sr_t_1
162,Footnote,/title/tt1445520/?ref_=sr_t_1
163,The Son,/title/tt0107034/?ref_=sr_t_1
164,You Can Count On Me,/title/tt0203230/?ref_=sr_t_1
165,Yossi & Jagger,/title/tt0334754/?ref_=sr_t_1
166,"O Brother, Where Art Thou?",/title/tt0190590/?ref_=sr_t_1
167,The Babadook,/title/tt2321549/?ref_=sr_t_1
168,Russian Ark,/title/tt0318034/?ref_=sr_t_1
169,Inside Out,/title/tt22022452/?ref_=sr_t_1
170,Persepolis,/title/tt0808417/?ref_=sr_t_1
171,Mad Max: Fury Road,/title/tt1392190/?ref_=sr_t_1
172,Attack the Block,/title/tt1478964/?ref_=sr_t_1
173,Before Sunset,/title/tt0381681/?ref_=sr_t_1
174,Ratatouille,/title/tt0382932/?ref_=sr_t_1
175,Amores Perros,/title/tt0245712/?ref_=sr_t_1
176,Minority Report,/title/tt0181689/?ref_=sr_t_1
177,Secret Sunshine,/title/tt0817225/?ref_=sr_t_1
178,The Dark Knight,/title/tt0468569/?ref_=sr_t_1
179,35 Shots of Rum,/title/tt1100048/?ref_=sr_t_1
180,The Three Burials of Melquiades Estrada,/title/tt0419294/?ref_=sr_t_1
181,The Blind Swordsman: Zatoichi,/title/tt0363226/?ref_=sr_t_1
182,Dancer in the Dark,/title/tt0168629/?ref_=sr_t_1
183,Tey,/title/tt2186933/?ref_=sr_t_1
184,Sweet Sixteen,/title/tt0083146/?ref_=sr_t_1
185,Ezra,/title/tt20315818/?ref_=sr_t_1
186,Almost Famous,/title/tt0181875/?ref_=sr_t_1
187,Memories of Murder,/title/tt0353969/?ref_=sr_t_1
188,Tropical Malady,/title/tt0381668/?ref_=sr_t_1
189,Hard to Be a God,/title/tt2328813/?ref_=sr_t_1
190,Borat: Cultural Learnings of America for Make Benefit Glorious Nation of Kazakhstan,/title/tt0443453/?ref_=sr_t_1
191,Let the Right One In,/title/tt1139797/?ref_=sr_t_1
192,World of Tomorrow,/title/tt0346156/?ref_=sr_t_1
193,Ex Machina,/title/tt0470752/?ref_=sr_t_1
194,The Avengers,/title/tt0848228/?ref_=sr_t_1
195,Her,/title/tt1798709/?ref_=sr_t_1
196,Kill Bill: Vol. 2,/title/tt0378194/?ref_=sr_t_1
197,Manchester by the Sea,/title/tt4034228/?ref_=sr_t_1
198,The Host,/title/tt1517260/?ref_=sr_t_1
199,District 9,/title/tt1136608/?ref_=sr_t_1
200,Love & Friendship,/title/tt3068194/?ref_=sr_t_1
201,Evolution of a Filipino Family,/title/tt0424062/?ref_=sr_t_1
202,Pulse,/title/tt0286751/?ref_=sr_t_1
203,Cave of Forgotten Dreams,/title/tt1664894/?ref_=sr_t_1
204,Heaven's Story,/title/tt15212880/?ref_=sr_t_1
205,"Norte, the End of History",/title/tt2852432/?ref_=sr_t_1
206,"Crouching Tiger, Hidden Dragon",/title/tt0190332/?ref_=sr_t_1
207,The Pianist,/title/tt0253474/?ref_=sr_t_1
208,Lincoln,/title/tt1189340/?ref_=sr_t_1
209,Life of Pi,/title/tt0454876/?ref_=sr_t_1
210,Mystic River,/title/tt0327056/?ref_=sr_t_1
211,American Hustle,/title/tt1800241/?ref_=sr_t_1
212,After the Wedding,/title/tt0457655/?ref_=sr_t_1
213,Memento,/title/tt0209144/?ref_=sr_t_1
214,Gravity,/title/tt1454468/?ref_=sr_t_1
215,The Five Obstructions,/title/tt0354575/?ref_=sr_t_1
216,Ida,/title/tt2718492/?ref_=sr_t_1
217,Nobody Knows,/title/tt0408664/?ref_=sr_t_1
218,Wild Tales,/title/tt3011894/?ref_=sr_t_1
219,Eldorado,/title/tt27906298/?ref_=sr_t_1
220,The Stuart Hall Project,/title/tt2578290/?ref_=sr_t_1
221,Waiting for Happiness,/title/tt0308363/?ref_=sr_t_1
222,Something Necessary,/title/tt2400272/?ref_=sr_t_1
223,Sembène!,/title/tt4344782/?ref_=sr_t_1
224,5 Broken Cameras,/title/tt2125423/?ref_=sr_t_1
225,Hooligan Sparrow,/title/tt4079902/?ref_=sr_t_1
226,7 Letters,/title/tt4691166/?ref_=sr_t_1
227,Weekend,/title/tt0385057/?ref_=sr_t_1
228,How to Survive a Plague,/title/tt2124803/?ref_=sr_t_1
229,American Splendor,/title/tt0305206/?ref_=sr_t_1
230,An Injury to One,/title/tt0342570/?ref_=sr_t_1
231,Love & Basketball,/title/tt0199725/?ref_=sr_t_1
232,It's Such a Beautiful Day,/title/tt2396224/?ref_=sr_t_1
233,Actress,/title/tt0291350/?ref_=sr_t_1
234,Carol,/title/tt1067106/?ref_=sr_t_1
235,The Wind Rises,/title/tt2013293/?ref_=sr_t_1
236,Collateral,/title/tt0369339/?ref_=sr_t_1
237,Brooklyn,/title/tt2381111/?ref_=sr_t_1
238,Nightcrawler,/title/tt2872718/?ref_=sr_t_1
239,Take Shelter,/title/tt1675192/?ref_=sr_t_1
240,Fantastic Mr Fox,/title/tt0432283/?ref_=sr_t_1
241,Senna,/title/tt1424432/?ref_=sr_t_1
242,Frances Ha,/title/tt2347569/?ref_=sr_t_1
243,Dogtooth,/title/tt1379182/?ref_=sr_t_1
244,A Pigeon Sat on a Branch Reflecting on Existence,/title/tt1883180/?ref_=sr_t_1
245,Katyn,/title/tt0879843/?ref_=sr_t_1
246,Sympathy for Mr Vengeance,/title/tt0310775/?ref_=sr_t_1
247,Still Life,/title/tt2395417/?ref_=sr_t_1
248,Archipelago,/title/tt1527835/?ref_=sr_t_1
249,Divine Intervention,/title/tt0274428/?ref_=sr_t_1
250,Crimson Gold,/title/tt0371280/?ref_=sr_t_1
251,Spider-Man 2,/title/tt18351128/?ref_=sr_t_1
252,Frozen,/title/tt2294629/?ref_=sr_t_1
253,Shaun of the Dead,/title/tt0365748/?ref_=sr_t_1
254,Shame,/title/tt1723811/?ref_=sr_t_1
255,Sideways,/title/tt0375063/?ref_=sr_t_1
256,Dogville,/title/tt0276919/?ref_=sr_t_1
257,Short Term 12,/title/tt2370248/?ref_=sr_t_1
258,Blue Valentine,/title/tt1120985/?ref_=sr_t_1
259,The Squid and the Whale,/title/tt0367089/?ref_=sr_t_1
260,Jersey Boys,/title/tt1742044/?ref_=sr_t_1
261,Nine Queens,/title/tt0247586/?ref_=sr_t_1
262,Mia Madre,/title/tt0071131/?ref_=sr_t_1
263,"Right Now, Wrong Then",/title/tt4768776/?ref_=sr_t_1
264,Adventureland,/title/tt1091722/?ref_=sr_t_1
265,Open Range,/title/tt0316356/?ref_=sr_t_1
266,Profit Motive and the Whispering Wind,/title/tt1158308/?ref_=sr_t_1
267,In Jackson Heights,/title/tt4936064/?ref_=sr_t_1
268,Love Exposure,/title/tt1128075/?ref_=sr_t_1
269,Sicario,/title/tt3397884/?ref_=sr_t_1
270,No,/title/tt15671028/?ref_=sr_t_1
271,Whiplash,/title/tt2582802/?ref_=sr_t_1
272,Animal Kingdom,/title/tt16606592/?ref_=sr_t_1
273,Apocalypto,/title/tt0472043/?ref_=sr_t_1
274,Three Monkeys,/title/tt6466464/?ref_=sr_t_1
275,Listen to Me Marlon,/title/tt4145178/?ref_=sr_t_1
276,Talladega Nights: The Ballad of Ricky Bobby,/title/tt0415306/?ref_=sr_t_1
277,Centochiodi,/title/tt0985597/?ref_=sr_t_1
278,United 93,/title/tt0475276/?ref_=sr_t_1
279,Bridesmaids,/title/tt1478338/?ref_=sr_t_1
280,The Look of Silence,/title/tt3521134/?ref_=sr_t_1
281,We Need to Talk About Kevin,/title/tt1242460/?ref_=sr_t_1
282,Chuck & Buck,/title/tt0200530/?ref_=sr_t_1
283,Gladiator,/title/tt0172495/?ref_=sr_t_1
284,Munich,/title/tt0408306/?ref_=sr_t_1
285,Femme Fatale,/title/tt0280665/?ref_=sr_t_1
286,This Is Not a Film,/title/tt1667905/?ref_=sr_t_1
287,Two Lovers,/title/tt1103275/?ref_=sr_t_1
288,Heart of a Dog,/title/tt4935446/?ref_=sr_t_1
289,The Lives of Others,/title/tt0405094/?ref_=sr_t_1
290,Werckmeister Harmonies,/title/tt0249241/?ref_=sr_t_1
291,White Material,/title/tt1135952/?ref_=sr_t_1
292,Stranger by the Lake,/title/tt2852458/?ref_=sr_t_1
293,Colossal Youth,/title/tt0460480/?ref_=sr_t_1
294,Story of My Death,/title/tt3102458/?ref_=sr_t_1
295,Aurora,/title/tt19394520/?ref_=sr_t_1
296,The Turin Horse,/title/tt1316540/?ref_=sr_t_1
297,Shutter Island,/title/tt1130884/?ref_=sr_t_1
298,Saraband,/title/tt0299478/?ref_=sr_t_1
299,The Return,/title/tt0167260/?ref_=sr_t_1
300,Import Export,/title/tt0459102/?ref_=sr_t_1
301,The Revenant,/title/tt1663202/?ref_=sr_t_1
302,Tie Xi Qu: West of the Tracks,/title/tt0389448/?ref_=sr_t_1
303,Le filmeur,/title/tt0463991/?ref_=sr_t_1
304,Our Daily Bread,/title/tt0765849/?ref_=sr_t_1
305,Ankhon Dekhi,/title/tt3614516/?ref_=sr_t_1
306,Court,/title/tt24249946/?ref_=sr_t_1
307,"LSD: Love, Sex Aur Dhokha",/title/tt1608777/?ref_=sr_t_1
308,Paan Singh Tomar,/title/tt1620933/?ref_=sr_t_1
309,Udaan,/title/tt1639426/?ref_=sr_t_1
310,Hazaaron Khwaishein Aisi,/title/tt0411469/?ref_=sr_t_1
311,Maqbool,/title/tt0379370/?ref_=sr_t_1
312,Lagaan: Once Upon a Time in India,/title/tt0169102/?ref_=sr_t_1
313,AI: Artificial Intelligence,/title/tt11440268/?ref_=sr_t_1
314,The Lady and the Duke,/title/tt0239234/?ref_=sr_t_1
315,Silent Souls,/title/tt1693830/?ref_=sr_t_1
316,Me and You and Everyone We Know,/title/tt0415978/?ref_=sr_t_1
317,Gone Girl,/title/tt2267998/?ref_=sr_t_1
318,Pain & Gain,/title/tt1980209/?ref_=sr_t_1
319,Before Midnight,/title/tt2209418/?ref_=sr_t_1
320,Fruitvale Station,/title/tt2334649/?ref_=sr_t_1
321,Brick,/title/tt0393109/?ref_=sr_t_1
322,Stray Dogs,/title/tt0041699/?ref_=sr_t_1
323,Ten,/title/tt0147800/?ref_=sr_t_1
324,Closed Curtain,/title/tt2626926/?ref_=sr_t_1
325,Tangerine,/title/tt3824458/?ref_=sr_t_1
326,Notre musique,/title/tt0360845/?ref_=sr_t_1
327,Triple Agent,/title/tt0374294/?ref_=sr_t_1
328,Gran Torino,/title/tt1205489/?ref_=sr_t_1
329,Horse Money,/title/tt3907156/?ref_=sr_t_1
330,Déjà Vu,/title/tt0453467/?ref_=sr_t_1
331,Seventh Code,/title/tt3265404/?ref_=sr_t_1
332,Dreams of a Life,/title/tt1819513/?ref_=sr_t_1
333,The Gleaners and I,/title/tt0247380/?ref_=sr_t_1
334,Lumumba,/title/tt0246765/?ref_=sr_t_1
335,Hunger,/title/tt10545296/?ref_=sr_t_1
336,"Eat, Sleep, Die",/title/tt2085002/?ref_=sr_t_1
337,Middle of Nowhere,/title/tt1032817/?ref_=sr_t_1
338,Star Trek,/title/tt0796366/?ref_=sr_t_1
339,Waking Life,/title/tt0243017/?ref_=sr_t_1
340,Enter the Void,/title/tt1191111/?ref_=sr_t_1
341,Of Gods and Men,/title/tt1588337/?ref_=sr_t_1
342,Into Great Silence,/title/tt0478160/?ref_=sr_t_1
343,The Descendants,/title/tt1033575/?ref_=sr_t_1
344,Beasts of the Southern Wild,/title/tt2125435/?ref_=sr_t_1
345,Idiocracy,/title/tt0387808/?ref_=sr_t_1
346,The Hurt Locker,/title/tt0887912/?ref_=sr_t_1
347,Michael Clayton,/title/tt0465538/?ref_=sr_t_1
348,You Can Count on Me Me,/title/tt0203230/?ref_=sr_t_1
349,Wolff Von Amerongen: Did He Commit Bankruptcy Offences?,/title/tt0499138/?ref_=sr_t_1
350,Longing,/title/tt9198364/?ref_=sr_t_1
351,Toni Erdmann,/title/tt4048272/?ref_=sr_t_1
352,Platform,/title/tt8228288/?ref_=sr_t_1
353,The Holy Girl,/title/tt0300270/?ref_=sr_t_1
354,Y Tu Mamá También,/title/tt0245574/?ref_=sr_t_1
355,Good Night and Good Luck,/title/tt0433383/?ref_=sr_t_1
356,Hugo,/title/tt0970179/?ref_=sr_t_1
357,Quills,/title/tt0180073/?ref_=sr_t_1
358,The Sapphires,/title/tt1673697/?ref_=sr_t_1
359,Where Do We Go Now?,/title/tt1772424/?ref_=sr_t_1
360,Ajami,/title/tt1077262/?ref_=sr_t_1
361,Amélie,/title/tt0211915/?ref_=sr_t_1
362,Avatar,/title/tt1630029/?ref_=sr_t_1
363,Coming Home,/title/tt8350360/?ref_=sr_t_1
364,The Wrestler,/title/tt1125849/?ref_=sr_t_1
365,The Great Beauty,/title/tt2358891/?ref_=sr_t_1
366,Eden,/title/tt1020530/?ref_=sr_t_1
367,Ghost World,/title/tt0162346/?ref_=sr_t_1
368,Wendy and Lucy,/title/tt1152850/?ref_=sr_t_1
369,Everyone Else,/title/tt1204773/?ref_=sr_t_1
370,Millennium Mambo,/title/tt0283283/?ref_=sr_t_1
371,In Vanda’s Room,/title/tt0139500/?ref_=sr_t_1
372,My Golden Days,/title/tt4048050/?ref_=sr_t_1
373,Carlos,/title/tt1067774/?ref_=sr_t_1
374,Sumas y Restas,/title/tt0265825/?ref_=sr_t_1
375,Regular Lovers,/title/tt0443844/?ref_=sr_t_1
376,The Days When I Do Not Exist,/title/tt0365398/?ref_=sr_t_1
377,The Death of Mr Lazarescu,/title/tt0456149/?ref_=sr_t_1
378,Phoenix,/title/tt0373889/?ref_=sr_t_1
379,As I Was Moving Ahead Occasionally I Saw Brief Glimpses of Beauty,/title/tt0262240/?ref_=sr_t_1
380,Silver Linings Playbook,/title/tt1045658/?ref_=sr_t_1
381,The Artist,/title/tt3521126/?ref_=sr_t_1
382,The King’s Speech,/title/tt1504320/?ref_=sr_t_1
383,Vera Drake,/title/tt0383694/?ref_=sr_t_1
384,Wild,/title/tt0758758/?ref_=sr_t_1
385,Theeb,/title/tt3170902/?ref_=sr_t_1
386,A Time for Drunken Horses,/title/tt0259072/?ref_=sr_t_1
387,Man on Wire,/title/tt1155592/?ref_=sr_t_1
388,Days of Glory,/title/tt0444182/?ref_=sr_t_1
389,Cosmos,/title/tt19861160/?ref_=sr_t_1
390,Che,/title/tt0111573/?ref_=sr_t_1
391,The Intruder,/title/tt6722030/?ref_=sr_t_1
392,Morvern Callar,/title/tt0300214/?ref_=sr_t_1
393,The Circle,/title/tt4649466/?ref_=sr_t_1
394,Bad Education,/title/tt8206668/?ref_=sr_t_1
395,Rust and Bone,/title/tt2053425/?ref_=sr_t_1
396,5x2,/title/tt0354356/?ref_=sr_t_1
397,"Police, Adjective",/title/tt1337051/?ref_=sr_t_1
398,Winter Sleep,/title/tt2758880/?ref_=sr_t_1
399,Jackass 3D,/title/tt1116184/?ref_=sr_t_1
400,What Time Is It There?,/title/tt0269746/?ref_=sr_t_1
401,Letters From Iwo Jima,/title/tt0498380/?ref_=sr_t_1
402,Nebraska,/title/tt1821549/?ref_=sr_t_1
403,The Magdalene Sisters,/title/tt0318411/?ref_=sr_t_1
404,Father of My Children,/title/tt1356928/?ref_=sr_t_1
405,The Consequences of Love,/title/tt0398883/?ref_=sr_t_1
406,Summer Hours,/title/tt0836700/?ref_=sr_t_1
407,Wet Hot American Summer,/title/tt0243655/?ref_=sr_t_1
408,Cast Away,/title/tt0162222/?ref_=sr_t_1
409,Café Lumière,/title/tt0412596/?ref_=sr_t_1
410,Millennium Actress,/title/tt0291350/?ref_=sr_t_1
411,Hotel Rwanda,/title/tt0395169/?ref_=sr_t_1
412,Birth,/title/tt0337876/?ref_=sr_t_1
413,Silent Light,/title/tt0841925/?ref_=sr_t_1
414,Winter's Bone,/title/tt1399683/?ref_=sr_t_1
415,Moon,/title/tt5537002/?ref_=sr_t_1
416,The Taste of Others,/title/tt0216787/?ref_=sr_t_1
417,The Assassination of Jesse James by the Coward Robert Ford,/title/tt0443680/?ref_=sr_t_1
418,The Lord of the Rings: The Fellowship of the Ring,/title/tt0120737/?ref_=sr_t_1
419,Making Of,/title/tt0443453/?ref_=sr_t_1
420,House of Flying Daggers,/title/tt0385004/?ref_=sr_t_1
421,Miners Shot Down,/title/tt3677896/?ref_=sr_t_1
422,678,/title/tt1764141/?ref_=sr_t_1
423,Hijack Stories,/title/tt0215841/?ref_=sr_t_1
424,Spotlight,/title/tt1895587/?ref_=sr_t_1
425,The Gatekeepers,/title/tt2309788/?ref_=sr_t_1
426,Sexy Beast,/title/tt0203119/?ref_=sr_t_1
427,Anchorman: The Legend of Ron Burgundy,/title/tt0357413/?ref_=sr_t_1
428,Los Angeles Plays Itself,/title/tt0379357/?ref_=sr_t_1
429,Crank,/title/tt0479884/?ref_=sr_t_1
430,The Forest for the Trees,/title/tt0386862/?ref_=sr_t_1
431,Miami Vice,/title/tt0430357/?ref_=sr_t_1
432,Woman on the Beach,/title/tt0040000/?ref_=sr_t_1
433,Nostalgia for the Light,/title/tt1556190/?ref_=sr_t_1
434,Lifeline,/title/tt25973750/?ref_=sr_t_1
435,Kung Fu Hustle,/title/tt0373074/?ref_=sr_t_1
436,Un lac,/title/tt1270702/?ref_=sr_t_1
437,Detention,/title/tt1701990/?ref_=sr_t_1
438,A Vingança de Uma Mulher,/title/tt2050453/?ref_=sr_t_1
439,Match Point,/title/tt0416320/?ref_=sr_t_1
440,No Home Movie,/title/tt4881016/?ref_=sr_t_1
441,The Romance of Astrea and Celadon,/title/tt0823240/?ref_=sr_t_1
442,The Strange Case of Angelica,/title/tt1282153/?ref_=sr_t_1
443,You Will Meet a Tall Dark Stranger,/title/tt1182350/?ref_=sr_t_1
444,The Hateful Eight,/title/tt3460252/?ref_=sr_t_1
445,Hedwig and the Angry Inch,/title/tt0248845/?ref_=sr_t_1
446,Battle Royale,/title/tt0266308/?ref_=sr_t_1
447,Bad Lieutenant: Port of Call New Orleans,/title/tt1095217/?ref_=sr_t_1
448,Night Will Fall,/title/tt3455822/?ref_=sr_t_1
449,The Lobster,/title/tt3464902/?ref_=sr_t_1
450,Best in Show,/title/tt0218839/?ref_=sr_t_1
451,About Elly,/title/tt1360860/?ref_=sr_t_1
452,Good Bye Lenin!,/title/tt0301357/?ref_=sr_t_1
453,The Baader Meinhof Complex,/title/tt0765432/?ref_=sr_t_1
454,Django Unchained,/title/tt1853728/?ref_=sr_t_1
455,Alpha Dog,/title/tt0426883/?ref_=sr_t_1
456,Young Adult,/title/tt1625346/?ref_=sr_t_1
457,Tropic Thunder,/title/tt0942385/?ref_=sr_t_1
458,Dirty Pretty Things,/title/tt0301199/?ref_=sr_t_1
459,The Imposter,/title/tt1966604/?ref_=sr_t_1
460,A Girl Walks Home Alone at Night,/title/tt2326554/?ref_=sr_t_1
461,Bone Tomahawk,/title/tt2494362/?ref_=sr_t_1
462,The Queen,/title/tt3463938/?ref_=sr_t_1
463,Climates,/title/tt0498097/?ref_=sr_t_1
464,Poetry,/title/tt1287878/?ref_=sr_t_1
465,Beyond the Hills,/title/tt2258281/?ref_=sr_t_1
466,All Divided Selves,/title/tt2261217/?ref_=sr_t_1
467,Oasis,/title/tt0320193/?ref_=sr_t_1
468,The House of Mirth,/title/tt0200720/?ref_=sr_t_1
469,Locke,/title/tt24870072/?ref_=sr_t_1
470,Sin Nombre,/title/tt1127715/?ref_=sr_t_1
471,Babel,/title/tt0449467/?ref_=sr_t_1
472,The Sky Trembles and the Earth Is Afraid and the Two Eyes Are Not Brothers,/title/tt4881172/?ref_=sr_t_1
473,From What Is Before,/title/tt3303310/?ref_=sr_t_1
474,Lost and Beautiful,/title/tt2188860/?ref_=sr_t_1
475,The Captive,/title/tt2326612/?ref_=sr_t_1
476,The Yards,/title/tt0190138/?ref_=sr_t_1
477,Shara,/title/tt0363060/?ref_=sr_t_1
478,Twixt,/title/tt1756851/?ref_=sr_t_1
479,To Die Like a Man,/title/tt1424361/?ref_=sr_t_1
480,The Deep Blue Sea,/title/tt1700844/?ref_=sr_t_1
481,Sita Sings the Blues,/title/tt1172203/?ref_=sr_t_1
482,Take This Waltz,/title/tt1592281/?ref_=sr_t_1
483,Bend It Like Beckham,/title/tt0286499/?ref_=sr_t_1
484,The Namesake,/title/tt0433416/?ref_=sr_t_1
485,Paradise Now,/title/tt0445620/?ref_=sr_t_1
486,Revolutionary Road,/title/tt0959337/?ref_=sr_t_1
487,The Beat That My Heart Skipped,/title/tt0411270/?ref_=sr_t_1
488,The Edge of Heaven,/title/tt0880502/?ref_=sr_t_1
489,Incendies,/title/tt1255953/?ref_=sr_t_1
490,Elena,/title/tt28081899/?ref_=sr_t_1
491,Master and Commander: The Far Side of the World,/title/tt0311113/?ref_=sr_t_1
492,The Prestige,/title/tt0482571/?ref_=sr_t_1
493,Song of the Sea,/title/tt1865505/?ref_=sr_t_1
494,"Monsters, Inc.",/title/tt0198781/?ref_=sr_t_1
495,The Arbor,/title/tt1623008/?ref_=sr_t_1
496,The Clock,/title/tt2119543/?ref_=sr_t_1
497,"Goodbye, Dragon Inn",/title/tt0377556/?ref_=sr_t_1
498,Monster,/title/tt4262980/?ref_=sr_t_1
499,Caramel,/title/tt0825236/?ref_=sr_t_1
500,The Tiger and the Snow,/title/tt0419198/?ref_=sr_t_1
501,Taxi Tehran,/title/tt4359416/?ref_=sr_t_1
502,A Borrowed Identity,/title/tt2841572/?ref_=sr_t_1
503,When I Saw You,/title/tt2369543/?ref_=sr_t_1
504,99 Homes,/title/tt2891174/?ref_=sr_t_1
505,Human,/title/tt1467304/?ref_=sr_t_1
506,Drive,/title/tt0780504/?ref_=sr_t_1
507,Alexandre Sokurov,/title/tt4296736/?ref_=sr_t_1
508,Infernal Affairs,/title/tt0338564/?ref_=sr_t_1
509,Shrek,/title/tt0126029/?ref_=sr_t_1
510,The Time That Remains,/title/tt1037163/?ref_=sr_t_1
511,The Box of Life,/title/tt0303792/?ref_=sr_t_1
512,Men at Work,/title/tt0100135/?ref_=sr_t_1
513,Arabian Nights: Volume 1 – The Restless One,/title/tt3284178/?ref_=sr_t_1
514,"I Travel Because I Have To, I Come Back Because I Love You",/title/tt1500761/?ref_=sr_t_1
515,Three Times,/title/tt2393845/?ref_=sr_t_1
516,The Departed,/title/tt0407887/?ref_=sr_t_1
517,Beginners,/title/tt15509244/?ref_=sr_t_1
518,Knight of Cups,/title/tt2101383/?ref_=sr_t_1
519,Godzilla,/title/tt23289160/?ref_=sr_t_1
520,Girlhood,/title/tt3655522/?ref_=sr_t_1
521,Team America: World Police,/title/tt0372588/?ref_=sr_t_1
522,Still Walking,/title/tt1087578/?ref_=sr_t_1
523,Step Brothers,/title/tt0838283/?ref_=sr_t_1
524,Bright Star,/title/tt0810784/?ref_=sr_t_1
525,Mr Turner,/title/tt2473794/?ref_=sr_t_1
526,The Lord of the Rings: The Return of the King,/title/tt0167260/?ref_=sr_t_1
527,Kill List,/title/tt1788391/?ref_=sr_t_1
528,Kiss Kiss Bang Bang,/title/tt0373469/?ref_=sr_t_1
529,Bowling for Columbine,/title/tt0310793/?ref_=sr_t_1
530,Samson & Delilah,/title/tt0041838/?ref_=sr_t_1
531,The Man Without A Past,/title/tt0311519/?ref_=sr_t_1
532,Secret Things,/title/tt0287963/?ref_=sr_t_1
533,La Ciénaga,/title/tt0240419/?ref_=sr_t_1
534,In the Family,/title/tt15988620/?ref_=sr_t_1
535,Gerry,/title/tt0302674/?ref_=sr_t_1
536,Songs from the Second Floor,/title/tt0120263/?ref_=sr_t_1
537,Journey to the West,/title/tt2017561/?ref_=sr_t_1
538,Japon,/title/tt0322824/?ref_=sr_t_1
539,Neighboring Sounds,/title/tt2190367/?ref_=sr_t_1
540,The Band’s Visit,/title/tt1032856/?ref_=sr_t_1
541,Time Out,/title/tt0313443/?ref_=sr_t_1
542,Barbara,/title/tt2178941/?ref_=sr_t_1
543,A Tale of Two Sisters,/title/tt0365376/?ref_=sr_t_1
544,Meek's Cutoff,/title/tt1518812/?ref_=sr_t_1
545,Captain America: Winter Soldier,/title/tt1843866/?ref_=sr_t_1
546,Star Wars: Episode VII – The Force Awakens,/title/tt2488496/?ref_=sr_t_1
547,Love Actually,/title/tt0314331/?ref_=sr_t_1
548,Chicago,/title/tt0299658/?ref_=sr_t_1
549,High Fidelity,/title/tt0146882/?ref_=sr_t_1
550,Four Lions,/title/tt1341167/?ref_=sr_t_1
551,Gangs of Wasseypur,/title/tt1954470/?ref_=sr_t_1
552,This Is England,/title/tt0480025/?ref_=sr_t_1
553,The Skin I Live In,/title/tt1189073/?ref_=sr_t_1
554,Once,/title/tt6710474/?ref_=sr_t_1
555,Blissfully Yours,/title/tt0317171/?ref_=sr_t_1
556,Be Kind Rewind,/title/tt0799934/?ref_=sr_t_1
557,Frontier of Dawn,/title/tt1073535/?ref_=sr_t_1
558,Kings and Queen,/title/tt0049407/?ref_=sr_t_1
559,The Hours,/title/tt0274558/?ref_=sr_t_1
560,The Sun Also Rises,/title/tt0051028/?ref_=sr_t_1
561,"Lust, Caution",/title/tt0808357/?ref_=sr_t_1
